Workbook

Sheet COVER
A1: Indoore MDMS — Consumer Master Data Manual Test Pack
A2: Screen: Master Data → Consumer Data | Drill-down: Consumer Dashboard + DTR Dashboard | URL: https://indore.bestinfra.app | Role: Super Admin
A4: Field | B4: Value
A5: Module | B5: Master Data / Consumer Data (one pack — not a separate Consumer Overview or DTR Overview file)
A6: Coverage rule | B6: Same depth as Consumer Overview + DTR Overview packs: list, filters, ledger, columns, then Consumer Dashboard widgets AND DTR Dashboard widgets reached from this grid.
A7: View rule | B7: Row View (eye) MUST open Consumer Dashboard for that IVRS/meter — never a different consumer.
A8: DTR rule | B8: DTR Code on the grid MUST open (or lead to) /dtr/{code} for that transformer — never Consumer Dashboard.
A9: Download rule | B9: Download / chart icons export a file and must NOT navigate away.
A10: Filter rule | B10: Apply Filters ANDs criteria. Reset Filters clears search, dropdowns, and All/Online/Offline. Empty search ≠ empty filter copy.
A11: Ledger rule | B11: Validate does not insert or update master rows. .xlsx only, max 200 MB. Merge vs Override blank-cell preview must differ.
A12: Total cases | B12: 120
A13: Baseline date | B13: 09-Sep-2026 screenshots (126,743 consumers · Babulal Nandram · meter 88017671)
A14: Status default | B14: Not Executed
A15: Automation | B15: See AUTOMATION-SCOPE — API suite vs UI click. Column Auto Status on TEST-CASES.
A16: Defects | B16: Log product bugs ONLY on DEFECTS. On TEST-CASES put Defect ID only — do not write bug details in Comments.
A18: How to execute
A19: 1. Login as Super Admin. Open Master Data → Consumer Data. Keep Advanced Filters ON unless the case says otherwise.
A20: 2. For each case, click EXACTLY the target in column Click Target (search, dropdown, radio, Apply, View, chart period, event filter, DTR Code).
A21: 3. On Consumer Dashboard, check header IVRS/meter vs the list row, then every widget named in the case (KPIs, Real-Time, Energy, Events).
A22: 4. On DTR Dashboard, check DTR Code / capacity vs the list row, then Real-Time, Energy, Events — data must not be the previous consumer.
A23: 5. Use browser Back to return. Filters on Consumer Data should still be applied. Do not refresh unless the case says so.
A24: 6. Set Status via dropdown: Pass / Fail / Blocked / Pass with Note / Not Executed.
A25: 7. If live counts differ from SNAPSHOT, still Pass if the list total matches the live footer. Fail on wrong consumer/DTR, missing click, or count mismatch vs the widget.
A26: 8. Defects: log ONLY on DEFECTS (summary, steps, expected, actual). On TEST-CASES enter Defect ID (e.g. DEF-CMD-001). Fail without a Defect ID is incomplete.
A28: Areas in scope (this one workbook)
A29: Area | B29: Type | C29: What to cover
A30: Consumer Data list | B30: Master grid | C30: Search, Advanced Filters, All/Online/Offline, pagination, row View/Edit, Download
A31: Ledger | B31: Bulk Upload modal | C31: Template, Merge/Override, .xlsx, 200 MB, Validate (no write), close
A32: Manage Table Columns | B32: Master + Events | C32: Hide/Show/reorder, locked Consumer Name, Reset defaults, Cancel/X
A33: Consumer Dashboard | B33: Detail /consumers/:id | C33: Header, 12 KPIs, Real-Time Power, Live Load, Energy Consumption, Energy Flow, Meter Events
A34: DTR Dashboard | B34: Detail /dtr/:code | C34: Stats, Real-Time Power, Power Triangle, Energy Flow, Energy Consumption, Meter Events, capacity
A35: Parity | B35: Cross-screen | C35: Same IVRS/meter/DTR/hierarchy on list ↔ consumer page ↔ DTR page; Back keeps filters

Sheet AUTOMATION-SCOPE
A1: Consumer Master Data — Automation scope (API already in this repo vs still-manual UI)
A2: This framework automates HTTP APIs (Playwright). UI onclick / Ledger picker / dashboard widgets stay Gap (UI) until a UI suite is added. Partial = API proves list/filters; tester still clicks Apply/View.
A4: Counts from TEST-CASES column Auto Status (M)
A5: Metric | B5: Count | C5: Meaning
A6: Automated (API) | B6: =COUNTIF('TEST-CASES'!M8:M400,"Automated (API)") | C6: Data already asserted in Playwright API/DB tests
A7: Partial | B7: =COUNTIF('TEST-CASES'!M8:M400,"Partial") | C7: API covers list/filters; UI click still manual
A8: Gap (API) | B8: =COUNTIF('TEST-CASES'!M8:M400,"Gap (API)") | C8: Add a Playwright API case (priority for this repo)
A9: Gap (UI) | B9: =COUNTIF('TEST-CASES'!M8:M400,"Gap (UI)") | C9: Needs UI automation — out of current API framework
A10: Total classified | B10: =B6+B7+B8+B9 | C10: Must equal 120 test cases
A13: Area → API map
A14: Widget | B14: UI click | C14: Data API (counts) | D14: Drilldown API (related records) | E14: Spec | F14: Auto status | G14: Gap / next action
A15: Consumer Data grid | B15: Search / page / filter Apply | C15: GET /indore/master-data/consumer-master-data | D15: GET /indore/master-data/consumer-master-data filtered query | E15: src/modules/MASTER-DATA/tests/consumer-master.spec.ts | npm run test:master-data | F15: Partial | G15: API proves page/q/filters; UI Apply/Reset still manual
A16: Advanced Filters | B16: Apply / Reset / radios | C16: GET /indore/master-data/consumer-master-data + lookup APIs | D16: GET /indore/master-data/consumer-master-data | E16: src/modules/MASTER-DATA/tests/consumer-master.spec.ts | npm run test:master-data | F16: Partial | G16: Lookups and filtered list are API; cascade UI is Gap (UI)
A17: Ledger / Bulk Upload | B17: Validate File | C17: POST /indore/master-data/bulk-upload-consumers (and Ledger validate) | D17: Validate preview (no write) | E17: src/modules/MASTER-DATA/tests/bulk-upload-consumers.spec.ts | F17: Partial | G17: File picker, Merge/Override copy, 200 MB client checks are UI
A18: Header Download | B18: Export icon | C18: Consumer master export job | D18: Filtered xlsx | E18: src/modules/MASTER-DATA/tests/master-data.contract.spec.ts | F18: Gap (API) | G18: Add export-job assertion; UI click remains Gap (UI)
A19: Manage Table Columns | B19: Hide / Show / Apply | C19: — | D19: — | E19: — | F19: Gap (UI) | G19: Local table prefs — UI automation
A20: Consumer Dashboard | B20: View (eye) → /consumers/:id | C20: Consumer detail APIs (KPIs, RT power, energy, events) | D20: Same consumer id | E20: CONTRIBUTING: consumers module if present | F20: Gap (UI) | G20: No click-through UI suite yet; detail APIs may exist under CONSUMERS
A21: DTR Dashboard | B21: DTR Code → /dtr/:code | C21: DTR detail APIs (stats, RT power, energy, events) | D21: Same DTR code | E21: DASHBOARD dtr* specs cover fleet Overview, not this individual page | F21: Gap (UI) | G21: Individual DTR page is Gap (UI); fleet Overview is a different pack (IND-DTO)
A22: Meter Events (consumer + DTR) | B22: Search / status / date / download | C22: Events APIs | D22: Filtered event list | E22: — | F22: Gap (UI) | G22: Duration math and column modal are UI
A23: Energy Consumption / Energy Flow | B23: Period dropdown + download | C23: Energy graph APIs | D23: Period series | E23: — | F23: Gap (UI) | G23: Hourly→Yearly switch is UI
A26: Already automated — run these
A27: Coverage | B27: Endpoint | C27: Spec file | D27: Command | E27: Status
A28: Consumer Master Data paged list | B28: GET /indore/master-data/consumer-master-data | C28: src/modules/MASTER-DATA/tests/consumer-master.spec.ts | D28: npm run test:master-data | E28: Automated (API)
A29: Consumer Master contract snapshot | B29: GET /indore/master-data/consumer-master-data | C29: src/modules/MASTER-DATA/tests/master-data.contract.spec.ts | D29: npm run test:master-data | E29: Automated (API)
A30: Bulk upload consumers | B30: POST /indore/master-data/bulk-upload-consumers (and Ledger validate) | C30: src/modules/MASTER-DATA/tests/bulk-upload-consumers.spec.ts | D30: npm run test:master-data | E30: Automated (API)
A33: Gaps to automate next (priority)
A34: Priority | B34: Layer | C34: What to add | D34: Where | E34: Manual cases
A35: P1 | B35: UI | C35: View (eye) opens Consumer Dashboard with matching IVRS/meter | D35: Playwright UI on /master-data/consumer-master-data | E35: IND-CMD-0038, 0066, 0120
A36: P1 | B36: UI | C36: DTR Code opens individual DTR Dashboard | D36: Playwright UI /dtr/:code from master grid | E36: IND-CMD-0104, 0108–0112
A37: P1 | B37: API | C37: Filtered consumer-master export job row count = pagination.total | D37: MASTER-DATA export API spec | E37: IND-CMD-0063, 0065
A38: P2 | B38: UI | C38: Ledger client checks: type, 200 MB, Merge vs Override blanks | D38: Playwright UI Ledger modal | E38: IND-CMD-0050–0062
A39: P2 | B39: UI | C39: Meter Events duration = restored − occurred; Pending Restored At = — | D39: Consumer + DTR events tables | E39: IND-CMD-0091–0096, 0112

Sheet COVERAGE-MATRIX
A1: Coverage matrix — Y = must execute | EXP = export only (must not navigate) | N/A = not on this control | Types: Positive / Negative / Edge / UI
A2: Execute every Y cell. Consumer Dashboard and DTR Dashboard are in THIS pack (not a second Excel). Empty search and empty filter use different copy.
A4: Area / widget | B4: Page load / layout | C4: Search / filter | D4: Apply / Reset | E4: Pagination / columns | F4: View / navigation | G4: Chart / period | H4: Empty / invalid | I4: Download / export | J4: Zero / missing data | K4: Y count | L4: Notes
A5: Consumer Data list | B5: Y | C5: Y | D5: Y | E5: Y | F5: Y | G5: N/A | H5: Y | I5: EXP | J5: Y | K5: =COUNTIF(B5:J5,"Y") | L5: 126,743 baseline
A6: Advanced Filters | B6: Y | C6: Y | D6: Y | E6: N/A | F6: N/A | G6: N/A | H6: Y | I6: N/A | J6: Y | K6: =COUNTIF(B6:J6,"Y") | L6: Hierarchy cascade + radios
A7: Ledger / Bulk Upload | B7: Y | C7: N/A | D7: N/A | E7: N/A | F7: N/A | G7: N/A | H7: Y | I7: EXP | J7: Y | K7: =COUNTIF(B7:J7,"Y") | L7: Validate ≠ write
A8: Manage Columns (grid) | B8: Y | C8: N/A | D8: Y | E8: Y | F8: N/A | G8: N/A | H8: Y | I8: N/A | J8: Y | K8: =COUNTIF(B8:J8,"Y") | L8: Consumer Name locked
A9: Consumer Dashboard header | B9: Y | C9: N/A | D9: N/A | E9: N/A | F9: Y | G9: N/A | H9: Y | I9: EXP | J9: N/A | K9: =COUNTIF(B9:J9,"Y") | L9: IVRS + Connected
A10: Consumer KPI cards (12) | B10: Y | C10: N/A | D10: N/A | E10: N/A | F10: N/A | G10: N/A | H10: N/A | I10: N/A | J10: Y | K10: =COUNTIF(B10:J10,"Y") | L10: No previous-month data
A11: Real-Time Power + Live Load | B11: Y | C11: N/A | D11: N/A | E11: N/A | F11: N/A | G11: N/A | H11: Y | I11: EXP | J11: Y | K11: =COUNTIF(B11:J11,"Y") | L11: Y/B = -- ; timestamp parity
A12: Energy Consumption | B12: Y | C12: N/A | D12: N/A | E12: N/A | F12: N/A | G12: Y | H12: Y | I12: EXP | J12: Y | K12: =COUNTIF(B12:J12,"Y") | L12: Hourly→Yearly
A13: Energy Flow | B13: Y | C13: N/A | D13: N/A | E13: N/A | F13: N/A | G13: Y | H13: Y | I13: EXP | J13: Y | K13: =COUNTIF(B13:J13,"Y") | L13: Import/export series
A14: Meter Events (consumer) | B14: Y | C14: Y | D14: Y | E14: Y | F14: N/A | G14: N/A | H14: Y | I14: EXP | J14: Y | K14: =COUNTIF(B14:J14,"Y") | L14: Duration math
A15: DTR Dashboard | B15: Y | C15: N/A | D15: N/A | E15: N/A | F15: Y | G15: Y | H15: Y | I15: EXP | J15: Y | K15: =COUNTIF(B15:J15,"Y") | L15: Same widget family as consumer
A16: Parity list ↔ dashboards | B16: Y | C16: N/A | D16: N/A | E16: N/A | F16: Y | G16: Y | H16: N/A | I16: N/A | J16: N/A | K16: =COUNTIF(B16:J16,"Y") | L16: Meter / DTR / hierarchy
A19: Must-run destinations (from 09-Sep-2026 screenshots)
A20: # | B20: Screen | C20: Target | D20: Baseline (09-Sep-2026)
A21: 1 | B21: Consumer Data | C21: Unfiltered total | D21: 126743
A22: 2 | B22: Consumer Data | C22: Page size 10 → last page | D22: 12675
A23: 3 | B23: Consumer Data | C23: Search Babulal Nandram / IVRS N3968028469 | D23: 1+ match
A24: 4 | B24: Consumer Data | C24: Online / Offline radios | D24: subset of 126743
A25: 5 | B25: Ledger | C25: Validate File without write | D25: .xlsx ≤ 200 MB
A26: 6 | B26: Consumer Dashboard | C26: Header Connected + 12 KPIs | D26: 0.2 kVA / PF -0.97 / ₹0
A27: 7 | B27: Consumer Dashboard | C27: Real-Time Power meter | D27: 88017671
A28: 8 | B28: Consumer Dashboard | C28: Live Load total | D28: 0.08 = 0.04+0.04+0
A29: 9 | B29: Consumer Dashboard | C29: Energy Consumption Hourly | D29: Last 12 Hours 12:00–23:00
A30: 10 | B30: Consumer Dashboard | C30: Energy Flow Hourly | D30: Last 6 Hours 1 Dec 2025
A31: 11 | B31: Meter Events | C31: Unfiltered rows | D31: 5 of 5
A32: 12 | B32: Meter Events | C32: Pending | D32: 2
A33: 13 | B33: Meter Events | C33: Restored | D33: 3
A34: 14 | B34: DTR Dashboard | C34: DTR from grid (e.g. MM521) | D34: /dtr/{code}
A35: 15 | B35: Parity | C35: Same meter on list, consumer page, DTR events | D35: 88017671
A38: Type mix (from TEST-CASES column K)
A39: Type | B39: Count formula | C39: Meaning
A40: Positive | B40: =COUNTIF('TEST-CASES'!K8:K400,"Positive") | C40: Happy path
A41: Negative | B41: =COUNTIF('TEST-CASES'!K8:K400,"Negative") | C41: Invalid / empty / reject
A42: Edge | B42: =COUNTIF('TEST-CASES'!K8:K400,"Edge") | C42: Boundary / missing history / 1-phase
A43: UI | B43: =COUNTIF('TEST-CASES'!K8:K400,"UI") | C43: Layout / cursor / default selection
A44: Total | B44: =B40+B41+B42+B43 | C44: Must equal 120

Sheet LISTS
A1: Status | B1: Priority | C1: Type | D1: Auto Status | E1: Automation Scope | F1: Defect Status | G1: Defect Severity | H1: Defect Priority
A2: Not Executed | B2: Critical | C2: Positive | D2: Automated (API) | E2: API automated | F2: New | G2: Critical | H2: P0
A3: Pass | B3: High | C3: Negative | D3: Partial | E3: API + UI click | F3: Open | G3: High | H3: P1
A4: Fail | B4: Medium | C4: Edge | D4: Gap (API) | E4: API gap | F4: In Progress | G4: Medium | H4: P2
A5: Blocked | B5: Low | C5: UI | D5: Gap (UI) | E5: UI only | F5: Fixed | G5: Low | H5: P3
A6: Pass with Note | F6: Verified
F7: Closed
F8: Rejected
F9: Deferred

Sheet DEFECTS
A1: Indoore MDMS — Consumer Master Data — Defect log
A2: SOURCE OF TRUTH: log every product defect HERE only. On TEST-CASES enter Defect ID (column R). Do not write bug details in TEST-CASES Comments.
A3: Open / New | D3: In Progress | G3: Fixed / Verified | J3: Closed | M3: Total logged
A4: =COUNTIF(J8:J37,"Open")+COUNTIF(J8:J37,"New") | D4: =COUNTIF(J8:J37,"In Progress") | G4: =COUNTIF(J8:J37,"Fixed")+COUNTIF(J8:J37,"Verified") | J4: =COUNTIF(J8:J37,"Closed") | M4: =COUNTA(D8:D37)
A5: How: pick next blank DEF-CMD-xxx row → fill Summary / Steps / Expected / Actual / Severity / Status. Then put that ID on every failed TEST-CASES row. Related cases share one Defect ID.
A7: Defect ID | B7: Linked Test Case ID | C7: Widget / Feature | D7: Summary | E7: Steps to Reproduce | F7: Expected Result | G7: Actual Result | H7: Severity | I7: Priority | J7: Defect Status | K7: Environment | L7: Found By | M7: Found Date | N7: Evidence / Screenshot | O7: Comments
A8: DEF-CMD-001 | B8: IND-CMD-0078, IND-CMD-0080, IND-CMD-0081, IND-CMD-0087 | C8: Real-Time Power Metrics / Live Load Profile / Energy Flow | D8: Last-communication timestamps disagree by a calendar day between Real-Time Power Metrics and Live Load / Energy Flow | E8: 1. Login as Super Admin on https://indore.bestinfra.app 2. Open Master Data → Consumer Data 3. Open Consumer Dashboard for Babulal Nandram (IVRS N3968028469) 4. Read Real-Time Power Metrics header timestamp 5. Read Live Load Profile Last Communication 6. Read Energy Flow subtitle date | F8: If all three stamps are 'last packet / last communication', they match to the same minute (or are clearly labelled as different metrics). Energy Flow 'Last 6 Hours' date aligns with the live last-communication day. | G8: 09-Sep-2026: Real-Time Power Metrics shows 30th Nov 2025, 11:45 PM (meter 88017671). Live Load Profile Last Communication is 1st Dec 2025, 11:46 PM. Energy Flow subtitle is Last 6 Hours · 18:00–23:00, 1 Dec 2025. Unexplained 1-day (and ~24h) split between the header and the lower widgets. | H8: High | I8: P1 | J8: Open | K8: Live https://indore.bestinfra.app — Super Admin | L8: QA (screenshot review) | M8: 46273.771 | N8: Consumer Dashboard screenshots 09-Sep-2026 (Real-Time Power + Live Load + Energy Flow)
A9: DEF-CMD-002 | B9: IND-CMD-0091, IND-CMD-0096, IND-CMD-0077 | C9: Meter Events | D9: Restored Power failure row shows Duration 6s and Status Restored but Restored At is blank | E9: 1. Open Consumer Dashboard for Babulal Nandram 2. Scroll to Meter Events 3. Inspect row 1: Event Code 7048 Power failure, Occurred 1st Nov 2025 08:20 PM, Status Restored | F9: Restored events always show Restored At. Duration = Restored At − Occurred On. Pending events use — in Restored At and 0s duration. | G9: 09-Sep-2026: Row 1 Status=Restored, Duration=6s, Restored At blank (not —). Other Restored rows (16 Jul, 9 Jul) do show Restored At. Inconsistent Restored At rendering on the same table. | H9: Medium | I9: P2 | J9: Open | K9: Live https://indore.bestinfra.app — Super Admin | L9: QA (screenshot review) | M9: 46273.771 | N9: Meter Events screenshot 09-Sep-2026 (5 rows, meter 88017671)
A10: DEF-CMD-003
A11: DEF-CMD-004
A12: DEF-CMD-005
A13: DEF-CMD-006
A14: DEF-CMD-007
A15: DEF-CMD-008
A16: DEF-CMD-009
A17: DEF-CMD-010
A18: DEF-CMD-011
A19: DEF-CMD-012
A20: DEF-CMD-013
A21: DEF-CMD-014
... A37: DEF-CMD-030

Sheet TEST-CASES
A1: Indoore MDMS — Consumer Master Data — Manual Test Cases (includes Consumer Dashboard + DTR Dashboard)
A2: One pack (same format as Consumer Overview / DTR Overview) | Defects: log on DEFECTS only, put Defect ID here
A3: ="Total cases: 120 | Executed: "&COUNTIF(I8:I500,"<>Not Executed")-COUNTIF(I8:I500,"")&" | Pass: "&COUNTIF(I8:I500,"Pass")&" | Fail: "&COUNTIF(I8:I500,"Fail")&" | Blocked: "&COUNTIF(I8:I500,"Blocked")&" | Pass %: "&IF(COUNTIF(I8:I500,"Pass")+COUNTIF(I8:I500,"Fail")+COUNTIF(I8:I500,"Pass with Note")+COUNTIF(I8:I500,"Blocked")=0,"—",TEXT(COUNTIF(I8:I500,"Pass")/(COUNTIF(I8:I500,"Pass")+COUNTIF(I8:I500,"Fail")+COUNTIF(I8:I500,"Pass with Note")+COUNTIF(I8:I500,"Blocked")),"0%"))
A5: Precondition: Super Admin on https://indore.bestinfra.app — Master Data → Consumer Data — View opens Consumer Dashboard — DTR Code opens DTR Dashboard. Failures: log on DEFECTS, enter Defect ID here only.
A7: Test Case ID | B7: Feature | C7: Click Target | D7: Test Scenario | E7: Test Steps | F7: Test Data | G7: Expected Result | H7: Actual Result | I7: Status | J7: Priority | K7: Type | L7: Automation Scope | M7: Auto Status | N7: API Endpoint | O7: Spec / Command | P7: Tester | Q7: Execution Date | R7: Defect ID | S7: Comments
A8: 1. PAGE LOAD & LAYOUT — CONSUMER MASTER DATA
A9: IND-CMD-0001 | B9: Page Load | C9: Page | D9: Consumer Data page loads with title and breadcrumb | E9: 1. Login as Super Admin on https://indore.bestinfra.app 2. Open Master Data → Consumer Data 3. Confirm title is Consumer Data and Advanced Filters is ON unless the case says otherwise 4. Observe header, breadcrumb, and primary actions | F9: URL: Master Data / Consumer Data | G9: Title 'Consumer Data' is visible. Breadcrumb shows Master Data / Consumer Data. No blank page, stuck spinner, or blocking console error. | I9: Not Executed | J9: Critical | K9: UI | L9: UI only | M9: Gap (UI) | N9: — | O9: Page title / breadcrumb — Playwright UI
A10: IND-CMD-0002 | B10: Layout | C10: Header actions | D10: Bulk Upload and Download buttons render in the header | E10: 1. Login as Super Admin on https://indore.bestinfra.app 2. Open Master Data → Consumer Data 3. Confirm title is Consumer Data and Advanced Filters is ON unless the case says otherwise 4. Look at top-right actions | F10: Buttons: Bulk Upload (green, up arrow), Download (green, down arrow) | G10: Both buttons are visible, labelled, and clickable for Super Admin. Bulk Upload opens Ledger. Download starts an export (does not navigate away). | I10: Not Executed | J10: Critical | K10: UI | L10: UI only | M10: Gap (UI) | N10: — | O10: Bulk Upload + Download header buttons
A11: IND-CMD-0003 | B11: Layout | C11: Advanced Filters panel | D11: Advanced Filters panel is ON and shows all filter controls | E11: 1. Login as Super Admin on https://indore.bestinfra.app 2. Open Master Data → Consumer Data 3. Confirm title is Consumer Data and Advanced Filters is ON unless the case says otherwise 4. Observe the Advanced Filters box | F11: Toggle ON. Controls: Search Consumers, Hierarchy Type, two Select Hierarchy, Meter Type, All Meter Phases, Connection Status, All Categories, Device Manufacturer, Payment Contract, All/Online/Offline, Reset Filters, Apply Filters | G11: All listed controls render. Toggle is green/ON. Reset Filters is outline. Apply Filters is solid green. No overlapping or clipped labels. | I11: Not Executed | J11: Critical | K11: UI | L11: UI only | M11: Gap (UI) | N11: — | O11: Advanced Filters panel layout
A12: IND-CMD-0004 | B12: Layout | C12: Consumer grid | D12: Grid loads first page with pagination for the full master set | E12: 1. Login as Super Admin on https://indore.bestinfra.app 2. Open Master Data → Consumer Data 3. Confirm title is Consumer Data and Advanced Filters is ON unless the case says otherwise 4. Wait for the table to finish loading 5. Read footer pagination | F12: Screenshot baseline 09-Sep-2026 (use live values if different): Showing 1-10 of 126743 · 10 / page · last page 12675 | G12: Ten data rows render. Footer matches live total. Page 1 is selected. Horizontal scrollbar is present for extra columns. No duplicate S.No and no empty skeleton stuck forever. | I12: Not Executed | J12: Critical | K12: Positive | L12: API + UI click | M12: Partial | N12: GET /indore/master-data/consumer-master-data?page=1&limit=10 | pagination.total vs grid | O12: src/modules/MASTER-DATA/tests/consumer-master.spec.ts | npm run test:master-data
A13: IND-CMD-0005 | B13: Cursor | C13: Interactive controls | D13: Clickable controls show pointer cursor | E13: 1. Login as Super Admin on https://indore.bestinfra.app 2. Open Master Data → Consumer Data 3. Confirm title is Consumer Data and Advanced Filters is ON unless the case says otherwise 4. Hover Bulk Upload, Download, search, dropdowns, radios, Apply/Reset, row View/Edit, pagination, column-manage icon | F13: Hover each interactive control | G13: Pointer (hand) cursor on every clickable control. Non-clickable padding/page background stays default cursor. | I13: Not Executed | J13: Medium | K13: UI | L13: UI only | M13: Gap (UI) | N13: — | O13: Pointer cursor
A14: 2. SEARCH CONSUMERS
A15: IND-CMD-0006 | B15: Search | C15: Search Consumers | D15: Search by consumer name returns matching rows | E15: 1. Login as Super Admin on https://indore.bestinfra.app 2. Open Master Data → Consumer Data 3. Confirm title is Consumer Data and Advanced Filters is ON unless the case says otherwise 4. Type Babulal Nandram in Search Consumers 5. Wait for debounce / results | F15: Name: Babulal Nandram | G15: Grid shows matching consumer(s). Pagination total drops to the match count. Row name matches. No unfiltered dump of all consumers. | I15: Not Executed | J15: Critical | K15: Positive | L15: API + UI click | M15: Partial | N15: GET /indore/master-data/consumer-master-data?q=Babulal Nandram | O15: src/modules/MASTER-DATA/tests/consumer-master.spec.ts | npm run test:master-data
A16: IND-CMD-0007 | B16: Search | C16: Search Consumers | D16: Search by IVRS number | E16: 1. Login as Super Admin on https://indore.bestinfra.app 2. Open Master Data → Consumer Data 3. Confirm title is Consumer Data and Advanced Filters is ON unless the case says otherwise 4. Clear search 5. Type N3968028469 | F16: IVRS: N3968028469 | G16: Matching consumer (Babulal Nandram or live equivalent) is listed. IVRS on the dashboard header after View matches the search value. | I16: Not Executed | J16: Critical | K16: Positive | L16: API + UI click | M16: Partial | N16: GET /indore/master-data/consumer-master-data?q=N3968028469 | O16: src/modules/MASTER-DATA/tests/consumer-master.spec.ts | npm run test:master-data
A17: IND-CMD-0008 | B17: Search | C17: Search Consumers | D17: Search by consumer account / CID | E17: 1. Login as Super Admin on https://indore.bestinfra.app 2. Open Master Data → Consumer Data 3. Confirm title is Consumer Data and Advanced Filters is ON unless the case says otherwise 4. Search MML0000205 | F17: CID: MML0000205 | G17: Row with that consumer id is returned. Other Cids are not mixed in. | I17: Not Executed | J17: High | K17: Positive | L17: API + UI click | M17: Partial | N17: GET /indore/master-data/consumer-master-data?q=MML0000205 | O17: src/modules/MASTER-DATA/tests/consumer-master.spec.ts | npm run test:master-data
A18: IND-CMD-0009 | B18: Search | C18: Search Consumers | D18: Search by meter serial number | E18: 1. Login as Super Admin on https://indore.bestinfra.app 2. Open Master Data → Consumer Data 3. Confirm title is Consumer Data and Advanced Filters is ON unless the case says otherwise 4. Search 88017671 | F18: Meter Sl No.: 88017671 | G18: Consumers bound to that meter are listed. Opening the row shows the same meter on Real-Time Power Metrics. | I18: Not Executed | J18: High | K18: Positive | L18: API + UI click | M18: Partial | N18: GET /indore/master-data/consumer-master-data?q=88017671 | O18: src/modules/MASTER-DATA/tests/consumer-master.spec.ts | npm run test:master-data
A19: IND-CMD-0010 | B19: Search | C19: Search Consumers | D19: Unknown keyword shows search empty state | E19: 1. Login as Super Admin on https://indore.bestinfra.app 2. Open Master Data → Consumer Data 3. Confirm title is Consumer Data and Advanced Filters is ON unless the case says otherwise 4. Search ZZZNOMATCH999 | F19: Keyword that cannot match | G19: Empty state title 'No results found'. Description tells the user to adjust search (consumer number, meter number, or name). Clear Search action is available. Pagination is not a fake full list. | I19: Not Executed | J19: High | K19: Negative | L19: API + UI click | M19: Partial | N19: GET /indore/master-data/consumer-master-data?q=ZZZNOMATCH999 (empty page) | O19: src/modules/MASTER-DATA/tests/consumer-master.spec.ts | npm run test:master-data
A20: IND-CMD-0011 | B20: Search | C20: Search Consumers | D20: Special characters do not crash search | E20: 1. Login as Super Admin on https://indore.bestinfra.app 2. Open Master Data → Consumer Data 3. Confirm title is Consumer Data and Advanced Filters is ON unless the case says otherwise 4. Search <script>alert(1)</script> then ' OR 1=1 -- | F20: XSS / SQL-like strings | G20: App does not execute script. No 500/white screen. Either 0 results empty state or escaped literal match. Toast/error is user-safe. | I20: Not Executed | J20: High | K20: Negative | L20: UI only | M20: Gap (UI) | N20: — | O20: XSS / injection in search box
A21: IND-CMD-0012 | B21: Search | C21: Search Consumers | D21: Partial name and case-insensitive search | E21: 1. Login as Super Admin on https://indore.bestinfra.app 2. Open Master Data → Consumer Data 3. Confirm title is Consumer Data and Advanced Filters is ON unless the case says otherwise 4. Search babulal (lowercase, partial) | F21: Partial: babulal | G21: Babulal Nandram (and other Babulal* names if any) appear. Search is not case-sensitive. | I21: Not Executed | J21: Medium | K21: Edge | L21: API + UI click | M21: Partial | N21: GET /indore/master-data/consumer-master-data?q=babulal | O21: src/modules/MASTER-DATA/tests/consumer-master.spec.ts | npm run test:master-data
A22: IND-CMD-0013 | B22: Search | C22: Search Consumers | D22: Names with W/o, titles, and punctuation still match | E22: 1. Login as Super Admin on https://indore.bestinfra.app 2. Open Master Data → Consumer Data 3. Confirm title is Consumer Data and Advanced Filters is ON unless the case says otherwise 4. Search Aabeda Bee 5. Then search W/o Nasir | F22: Grid samples: Aabeda Bee W/o Nasir Ali, Sh.girishchandra Madholal | G22: Both searches return the related rows. Slash and period in the name do not break the query. | I22: Not Executed | J22: Medium | K22: Edge | L22: API + UI click | M22: Partial | N22: GET /indore/master-data/consumer-master-data?q=Aabeda Bee | O22: src/modules/MASTER-DATA/tests/consumer-master.spec.ts | npm run test:master-data
A23: IND-CMD-0014 | B23: Search | C23: Search Consumers | D23: Leading/trailing spaces are trimmed | E23: 1. Login as Super Admin on https://indore.bestinfra.app 2. Open Master Data → Consumer Data 3. Confirm title is Consumer Data and Advanced Filters is ON unless the case says otherwise 4. Search ' Babulal Nandram ' (spaces around) | F23: Padded name | G23: Same results as trimmed search. Spaces do not force empty state. | I23: Not Executed | J23: Medium | K23: Edge | L23: UI only | M23: Gap (UI) | N23: — | O23: Trim spaces in search input
A24: 3. ADVANCED FILTERS — HIERARCHY & DROPDOWNS
A25: IND-CMD-0015 | B25: Hierarchy | C25: Hierarchy Type | D25: Selecting Hierarchy Type enables the next hierarchy dropdown | E25: 1. Login as Super Admin on https://indore.bestinfra.app 2. Open Master Data → Consumer Data 3. Confirm title is Consumer Data and Advanced Filters is ON unless the case says otherwise 4. Open Hierarchy Type 5. Pick a type 6. Open first Select Hierarchy | F25: Cascade: Type → Level 1 → Level 2 | G25: Level 1 options load for the chosen type. Level 2 stays empty or disabled until Level 1 is chosen. No stale options from a previous type. | I25: Not Executed | J25: Critical | K25: Positive | L25: UI only | M25: Gap (UI) | N25: — | O25: Hierarchy Type cascade
A26: IND-CMD-0016 | B26: Hierarchy | C26: Select Hierarchy (Level 1 + 2) | D26: Apply a Circle → Zone path and confirm grid rows match | E26: 1. Login as Super Admin on https://indore.bestinfra.app 2. Open Master Data → Consumer Data 3. Confirm title is Consumer Data and Advanced Filters is ON unless the case says otherwise 4. Set hierarchy so Circle = Indore City Circle and a Zone (e.g. South) 5. Click Apply Filters 6. Scan Circle and Zone columns | F26: Screenshot baseline 09-Sep-2026 (use live values if different): visible Circle column = Indore City Circle; Zones include North/South/West/Central/East | G26: After Apply, every visible row belongs to the selected hierarchy. Pagination total is the filtered count, not 126743 unless that is the live filtered total. | I26: Not Executed | J26: Critical | K26: Positive | L26: API + UI click | M26: Partial | N26: GET /indore/master-data/consumer-master-data + hierarchyLevelId / organisationLookupId / networkLookupId | O26: src/modules/MASTER-DATA/tests/consumer-master.spec.ts | npm run test:master-data
A27: IND-CMD-0017 | B27: Hierarchy | C27: Select Hierarchy (Level 2) | D27: Changing Level 1 clears stale Level 2 | E27: 1. Login as Super Admin on https://indore.bestinfra.app 2. Open Master Data → Consumer Data 3. Confirm title is Consumer Data and Advanced Filters is ON unless the case says otherwise 4. Select Type + Level 1 + Level 2 5. Change Level 1 to a different node | F27: Dependent dropdown | G27: Level 2 value is cleared. New Level 2 options belong to the new parent. Applying without re-picking Level 2 does not send the old child id. | I27: Not Executed | J27: High | K27: Edge | L27: UI only | M27: Gap (UI) | N27: — | O27: Dependent hierarchy clear
A28: IND-CMD-0018 | B28: Meter Type | C28: Meter Type dropdown | D28: Filter by Meter Type Live / Test / All | E28: 1. Login as Super Admin on https://indore.bestinfra.app 2. Open Master Data → Consumer Data 3. Confirm title is Consumer Data and Advanced Filters is ON unless the case says otherwise 4. Select Live, Apply 5. Reset, select Test, Apply 6. Reset to All, Apply | F28: Meter Type: All | Live | Test | G28: Each Apply refreshes the grid. All restores the unscoped meter-type set. No mix of Live rows when Test is applied. | I28: Not Executed | J28: High | K28: Positive | L28: API + UI click | M28: Partial | N28: GET /indore/master-data/consumer-master-data?meterType=live|test|all | O28: src/modules/MASTER-DATA/tests/consumer-master.spec.ts | npm run test:master-data
A29: IND-CMD-0019 | B29: Meter Phase | C29: All Meter Phases | D29: Filter by a single meter phase | E29: 1. Login as Super Admin on https://indore.bestinfra.app 2. Open Master Data → Consumer Data 3. Confirm title is Consumer Data and Advanced Filters is ON unless the case says otherwise 4. Open All Meter Phases 5. Pick 1 PH (or a live phase) 6. Apply Filters 7. Check Phase column | F29: Phase column on the grid | G29: Visible rows match the selected phase. Pagination total equals the phase subset. | I29: Not Executed | J29: High | K29: Positive | L29: API + UI click | M29: Partial | N29: GET /indore/master-data/consumer-master-data meter phase filter | O29: src/modules/MASTER-DATA/tests/consumer-master.spec.ts | npm run test:master-data
A30: IND-CMD-0020 | B30: Connection Status | C30: Connection Status | D30: Filter by Connection Status | E30: 1. Login as Super Admin on https://indore.bestinfra.app 2. Open Master Data → Consumer Data 3. Confirm title is Consumer Data and Advanced Filters is ON unless the case says otherwise 4. Open Connection Status, pick Connected (or live value) 5. Apply | F30: Connection Status lookup | G30: Grid only shows that status. Opening a row shows the matching header badge (e.g. Connected). | I30: Not Executed | J30: High | K30: Positive | L30: API + UI click | M30: Partial | N30: GET /indore/master-data/consumer-master-data?connectionStatusTblRefId= | O30: src/modules/MASTER-DATA/tests/consumer-master.spec.ts | npm run test:master-data
A31: IND-CMD-0021 | B31: Category | C31: All Categories | D31: Filter by consumer category | E31: 1. Login as Super Admin on https://indore.bestinfra.app 2. Open Master Data → Consumer Data 3. Confirm title is Consumer Data and Advanced Filters is ON unless the case says otherwise 4. Open All Categories, pick a category 5. Apply 6. Check Category column | F31: All Categories placeholder = no category filter | G31: Rows match the category. Clearing back to All Categories + Apply restores mixed categories. | I31: Not Executed | J31: High | K31: Positive | L31: API + UI click | M31: Partial | N31: GET /indore/master-data/consumer-master-data?categoryTblRefId= | O31: src/modules/MASTER-DATA/tests/consumer-master.spec.ts | npm run test:master-data
A32: IND-CMD-0022 | B32: Device Manufacturer | C32: Device Manufacturer | D32: Filter by Device Manufacturer / OEM | E32: 1. Login as Super Admin on https://indore.bestinfra.app 2. Open Master Data → Consumer Data 3. Confirm title is Consumer Data and Advanced Filters is ON unless the case says otherwise 4. Pick a manufacturer (e.g. L&T if listed) 5. Apply 6. Check Meter Make | F32: Device Manufacturer lookup | G32: Meter Make on visible rows matches the manufacturer. Empty OEM list is a fail only if lookups loaded. | I32: Not Executed | J32: Medium | K32: Positive | L32: API + UI click | M32: Partial | N32: GET /indore/master-data/consumer-master-data?deviceManufacturerTblRefId= | O32: src/modules/MASTER-DATA/tests/consumer-master.spec.ts | npm run test:master-data
A33: IND-CMD-0023 | B33: Payment Contract | C33: Payment Contract | D33: Filter by Payment Contract | E33: 1. Login as Super Admin on https://indore.bestinfra.app 2. Open Master Data → Consumer Data 3. Confirm title is Consumer Data and Advanced Filters is ON unless the case says otherwise 4. Pick a payment contract 5. Apply | F33: Payment Contract lookup | G33: Grid refreshes to that contract set. Reset Filters clears the dropdown back to placeholder. | I33: Not Executed | J33: Medium | K33: Positive | L33: API + UI click | M33: Partial | N33: GET /indore/master-data/consumer-master-data?paymentContractTblRefId= | O33: src/modules/MASTER-DATA/tests/consumer-master.spec.ts | npm run test:master-data
A34: IND-CMD-0024 | B34: Filters | C34: Apply Filters without changing anything | D34: Apply with defaults does not error | E34: 1. Login as Super Admin on https://indore.bestinfra.app 2. Open Master Data → Consumer Data 3. Confirm title is Consumer Data and Advanced Filters is ON unless the case says otherwise 4. Click Apply Filters with all placeholders and All radio | F34: No extra criteria | G34: Grid reloads successfully. Total stays the unfiltered master count (or assigned-scope count). No empty-state flash that sticks. | I34: Not Executed | J34: Medium | K34: Edge | L34: API + UI click | M34: Partial | N34: GET /indore/master-data/consumer-master-data default Apply | O34: src/modules/MASTER-DATA/tests/consumer-master.spec.ts | npm run test:master-data
A35: IND-CMD-0025 | B35: Filters | C35: Combined filters | D35: Multiple filters together AND the result set | E35: 1. Login as Super Admin on https://indore.bestinfra.app 2. Open Master Data → Consumer Data 3. Confirm title is Consumer Data and Advanced Filters is ON unless the case says otherwise 4. Set hierarchy + Meter Phase + Category + Online 5. Apply | F35: Multi-filter AND | G35: Every visible row satisfies all applied criteria. Total is ≤ each single-filter total. Impossible combo shows filtered empty state 'No data available'. | I35: Not Executed | J35: Critical | K35: Positive | L35: API + UI click | M35: Partial | N35: GET /indore/master-data/consumer-master-data combined filters AND | O35: src/modules/MASTER-DATA/tests/consumer-master.spec.ts | npm run test:master-data
A36: 4. COMMUNICATION STATUS, RESET, FILTER TOGGLE
A37: IND-CMD-0026 | B37: Online status | C37: All radio | D37: All is the default communication status | E37: 1. Login as Super Admin on https://indore.bestinfra.app 2. Open Master Data → Consumer Data 3. Confirm title is Consumer Data and Advanced Filters is ON unless the case says otherwise 4. Observe All / Online / Offline | F37: All selected with green check | G37: All is selected on load. Grid includes both communicating and non-communicating consumers. | I37: Not Executed | J37: High | K37: UI | L37: UI only | M37: Gap (UI) | N37: — | O37: All radio default
A38: IND-CMD-0027 | B38: Online status | C38: Online radio + Apply Filters | D38: Online filter shows only communicating consumers | E38: 1. Login as Super Admin on https://indore.bestinfra.app 2. Open Master Data → Consumer Data 3. Confirm title is Consumer Data and Advanced Filters is ON unless the case says otherwise 4. Select Online 5. Apply Filters | F38: All | Online | Offline | G38: Pagination total is the Online subset. Rows are communicating. Changing radio without Apply must not silently keep old results if the product requires Apply — follow the live rule and note it. | I38: Not Executed | J38: Critical | K38: Positive | L38: API + UI click | M38: Partial | N38: GET /indore/master-data/consumer-master-data communicationStatus=Online | O38: src/modules/MASTER-DATA/tests/consumer-master.spec.ts | npm run test:master-data
A39: IND-CMD-0028 | B39: Online status | C39: Offline radio + Apply Filters | D39: Offline filter shows only non-communicating consumers | E39: 1. Login as Super Admin on https://indore.bestinfra.app 2. Open Master Data → Consumer Data 3. Confirm title is Consumer Data and Advanced Filters is ON unless the case says otherwise 4. Select Offline 5. Apply Filters | F39: Offline | G39: Grid is the Offline subset. Opening a consumer still loads the dashboard (dashboard may show delayed/failed comms). Not the full 126743 list. | I39: Not Executed | J39: Critical | K39: Positive | L39: API + UI click | M39: Partial | N39: GET /indore/master-data/consumer-master-data communicationStatus=Offline | O39: src/modules/MASTER-DATA/tests/consumer-master.spec.ts | npm run test:master-data
A40: IND-CMD-0029 | B40: Reset | C40: Reset Filters | D40: Reset Filters clears every criterion including radios and search | E40: 1. Login as Super Admin on https://indore.bestinfra.app 2. Open Master Data → Consumer Data 3. Confirm title is Consumer Data and Advanced Filters is ON unless the case says otherwise 4. Set search + hierarchy + a dropdown + Offline 5. Apply 6. Click Reset Filters | F40: Reset Filters button | G40: Search is empty. Dropdowns return to placeholders (Hierarchy Type, Select Hierarchy, Meter Type default, All Meter Phases, Connection Status, All Categories, Device Manufacturer, Payment Contract). Radio returns to All. Grid returns to the unfiltered master total. | I40: Not Executed | J40: Critical | K40: Positive | L40: UI only | M40: Gap (UI) | N40: — | O40: Reset Filters control
A41: IND-CMD-0030 | B41: Filters | C41: Advanced Filters toggle | D41: Turning Advanced Filters OFF hides the panel without losing the grid | E41: 1. Login as Super Admin on https://indore.bestinfra.app 2. Open Master Data → Consumer Data 3. Confirm title is Consumer Data and Advanced Filters is ON unless the case says otherwise 4. Apply a filter so the total changes 5. Toggle Advanced Filters OFF 6. Toggle ON again | F41: Toggle switch top-right of filter panel | G41: Panel collapses/hides. Grid remains visible. Turning ON again still shows the last applied filters (or product-documented default). Page does not reload to a blank state. | I41: Not Executed | J41: Medium | K41: UI | L41: UI only | M41: Gap (UI) | N41: — | O41: Advanced Filters toggle
A42: IND-CMD-0031 | B42: Filters | C42: Apply Filters | D42: Impossible filter combo shows filtered empty state | E42: 1. Login as Super Admin on https://indore.bestinfra.app 2. Open Master Data → Consumer Data 3. Confirm title is Consumer Data and Advanced Filters is ON unless the case says otherwise 4. Combine filters that cannot match (e.g. Offline + a rare category + a tight hierarchy) 5. Apply | F42: Filtered empty copy | G42: Title 'No data available'. Description asks to choose different filters. Clear All Filters action is offered. Not the search empty-state copy. | I42: Not Executed | J42: High | K42: Negative | L42: API + UI click | M42: Partial | N42: GET /indore/master-data/consumer-master-data empty filtered page | O42: src/modules/MASTER-DATA/tests/consumer-master.spec.ts | npm run test:master-data
A43: 5. TABLE, PAGINATION & ROW ACTIONS
A44: IND-CMD-0032 | B44: Pagination | C44: Page 2 | D44: Page 2 loads the next 10 rows with continuous S.No | E44: 1. Login as Super Admin on https://indore.bestinfra.app 2. Open Master Data → Consumer Data 3. Confirm title is Consumer Data and Advanced Filters is ON unless the case says otherwise 4. Click page 2 | F44: 10 / page | G44: Footer shows 11-20 of {total}. S.No is 11–20 (not 1–10 repeated). Rows are different from page 1. | I44: Not Executed | J44: Critical | K44: Positive | L44: API + UI click | M44: Partial | N44: GET /indore/master-data/consumer-master-data?page=2&limit=10 | O44: src/modules/MASTER-DATA/tests/consumer-master.spec.ts | npm run test:master-data
A45: IND-CMD-0033 | B45: Pagination | C45: Last page 12675 | D45: Last page loads remaining rows without error | E45: 1. Login as Super Admin on https://indore.bestinfra.app 2. Open Master Data → Consumer Data 3. Confirm title is Consumer Data and Advanced Filters is ON unless the case says otherwise 4. Jump to last page (12675 at 10/page if total is 126743) | F45: Screenshot baseline 09-Sep-2026 (use live values if different): 12675 pages | G45: Last page loads. Row count is 1–10 leftover. No 404, empty crash, or S.No reset to 1 unless the product restarts serial per page (if so, document — prefer continuous serial). | I45: Not Executed | J45: High | K45: Edge | L45: API + UI click | M45: Partial | N45: GET /indore/master-data/consumer-master-data?page=last&limit=10 | O45: src/modules/MASTER-DATA/tests/consumer-master.spec.ts | npm run test:master-data
A46: IND-CMD-0034 | B46: Pagination | C46: 10 / page dropdown | D46: Changing page size recalculates pages and keeps filters | E46: 1. Login as Super Admin on https://indore.bestinfra.app 2. Open Master Data → Consumer Data 3. Confirm title is Consumer Data and Advanced Filters is ON unless the case says otherwise 4. Apply a hierarchy filter 5. Change page size to 25 or 50 | F46: Items per page | G46: More rows appear. Footer 'Showing 1-N of {filtered total}'. Page count shrinks. Filter remains applied. | I46: Not Executed | J46: High | K46: Positive | L46: API + UI click | M46: Partial | N46: GET /indore/master-data/consumer-master-data?limit=25 | O46: src/modules/MASTER-DATA/tests/consumer-master.spec.ts | npm run test:master-data
A47: IND-CMD-0035 | B47: Grid | C47: Horizontal scroll | D47: Horizontal scroll reveals DTR, IVRS, meter, address columns | E47: 1. Login as Super Admin on https://indore.bestinfra.app 2. Open Master Data → Consumer Data 3. Confirm title is Consumer Data and Advanced Filters is ON unless the case says otherwise 4. Drag the bottom horizontal scrollbar fully right and left | F47: Columns include Circle, Division, Zone, Feeder Name, Feeder Code, DTR Code, New DTR Code, DTR Capacity, Consumer Name, Address, Mobile, Category, Sanctioned Load, IVRS, Meter SL No, Meter Make, Phase | G47: Header stays aligned with cells. Consumer Name remains visible if it is locked/pinned. No clipped header over data. | I47: Not Executed | J47: High | K47: UI | L47: UI only | M47: Gap (UI) | N47: — | O47: Horizontal scroll
A48: IND-CMD-0036 | B48: Grid | C48: Truncated address / locality | D48: Truncated cells expose full value on hover | E48: 1. Login as Super Admin on https://indore.bestinfra.app 2. Open Master Data → Consumer Data 3. Confirm title is Consumer Data and Advanced Filters is ON unless the case says otherwise 4. Hover a truncated Address or Locality (e.g. 54 Ne, 101/1…) | F48: Truncated text | G48: Tooltip or expand shows the full string. Copy still copies the full value if a copy icon exists. | I48: Not Executed | J48: Medium | K48: Edge | L48: UI only | M48: Gap (UI) | N48: — | O48: Truncation tooltip
A49: IND-CMD-0037 | B49: Grid | C49: Copy / link icon on code cells | D49: Copy icon on DTR / feeder / consumer codes copies the cell value | E49: 1. Login as Super Admin on https://indore.bestinfra.app 2. Open Master Data → Consumer Data 3. Confirm title is Consumer Data and Advanced Filters is ON unless the case says otherwise 4. Click the copy (or external-link) icon on a DTR Code or Feeder Code | F49: Screenshot: some code cells show copy/link icon | G49: Value is copied (toast) or the link opens the related DTR/feeder page — not a dead icon. Paste/clipboard or navigation proves it. | I49: Not Executed | J49: Medium | K49: Positive | L49: UI only | M49: Gap (UI) | N49: — | O49: Copy icon
A50: IND-CMD-0038 | B50: Row actions | C50: View (eye) icon | D50: View opens Consumer Dashboard for that row | E50: 1. Login as Super Admin on https://indore.bestinfra.app 2. Open Master Data → Consumer Data 3. Confirm title is Consumer Data and Advanced Filters is ON unless the case says otherwise 4. Click View on Babulal Nandram (row 1 in snapshot) | F50: Consumer: Babulal Nandram · IVRS N3968028469 | G50: Navigates to Consumer Dashboard. Header name and IVRS match the row. Breadcrumb is Consumer Data / BABULAL NANDRAM. Status badge is Connected (or live status). | I50: Not Executed | J50: Critical | K50: Positive | L50: UI only | M50: Gap (UI) | N50: — | O50: Navigate to /consumers/:id
A51: IND-CMD-0039 | B51: Row actions | C51: Edit (pen) icon | D51: Edit opens the consumer edit screen for that row | E51: 1. Login as Super Admin on https://indore.bestinfra.app 2. Open Master Data → Consumer Data 3. Confirm title is Consumer Data and Advanced Filters is ON unless the case says otherwise 4. Click Edit on a row | F51: Edit affordance next to View | G51: Edit page loads for the same consumer id. Cancel/Back returns to Consumer Data. Wrong consumer is a fail. | I51: Not Executed | J51: High | K51: Positive | L51: UI only | M51: Gap (UI) | N51: — | O51: Navigate to consumer edit
A52: IND-CMD-0040 | B52: Row actions | C52: View icon when id is missing | D52: View is disabled when the row has no consumer identifier | E52: 1. Login as Super Admin on https://indore.bestinfra.app 2. Open Master Data → Consumer Data 3. Confirm title is Consumer Data and Advanced Filters is ON unless the case says otherwise 4. If a row has no CID, hover View | F52: Aria: Consumer identifier unavailable | G52: View is disabled / non-navigating. No blank /consumers/ route. If every row has an id, Pass with Note. | I52: Not Executed | J52: Medium | K52: Negative | L52: UI only | M52: Gap (UI) | N52: — | O52: Disabled View
A53: IND-CMD-0041 | B53: Grid | C53: Row selection circles | D53: Selecting rows enables bulk export of the selection | E53: 1. Login as Super Admin on https://indore.bestinfra.app 2. Open Master Data → Consumer Data 3. Confirm title is Consumer Data and Advanced Filters is ON unless the case says otherwise 4. Select 2–3 rows 5. Use bulk bar Export if shown | F53: Circular row selectors | G53: Selected count is shown. Export uses the selection, not the whole 126k set. Clearing selection restores filtered export. | I53: Not Executed | J53: High | K53: Positive | L53: UI only | M53: Gap (UI) | N53: — | O53: Row selection export
A54: 6. MANAGE TABLE COLUMNS — MASTER GRID
A55: IND-CMD-0042 | B55: Columns | C55: Column configuration icon | D55: Manage Table Columns opens for the master grid | E55: 1. Login as Super Admin on https://indore.bestinfra.app 2. Open Master Data → Consumer Data 3. Confirm title is Consumer Data and Advanced Filters is ON unless the case says otherwise 4. Click the three-bar column icon on the grid toolbar | F55: Modal: Manage Table Columns · Show in Table vs Hide in Table | G55: Modal opens over the grid. Show-in-Table count matches visible columns (snapshot 23). Hide-in-Table may be 0 with empty-state 'Add Columns to Hide from the table.' | I55: Not Executed | J55: Critical | K55: Positive | L55: UI only | M55: Gap (UI) | N55: — | O55: Manage Table Columns modal
A56: IND-CMD-0043 | B56: Columns | C56: Consumer Name lock | D56: Consumer Name cannot be hidden | E56: 1. Login as Super Admin on https://indore.bestinfra.app 2. Open Master Data → Consumer Data 3. Confirm title is Consumer Data and Advanced Filters is ON unless the case says otherwise 4. Open Manage Table Columns 5. Try to Hide Consumer Name | F56: Consumer Name has lock icon, no Hide | G56: Consumer Name is locked. Hide is absent or ignored. Apply still shows Consumer Name first/pinned. | I56: Not Executed | J56: Critical | K56: Negative | L56: UI only | M56: Gap (UI) | N56: — | O56: Locked Consumer Name
A57: IND-CMD-0044 | B57: Columns | C57: Hide on Circle | D57: Hide moves Circle to Hide in Table and Apply updates the grid | E57: 1. Login as Super Admin on https://indore.bestinfra.app 2. Open Master Data → Consumer Data 3. Confirm title is Consumer Data and Advanced Filters is ON unless the case says otherwise 4. Click Hide on Circle 5. Apply 6. Inspect grid headers | F57: Show counter decreases; Hide counter increases | G57: Circle leaves the grid. Show badge = previous−1. Hide list contains Circle. Other columns remain. | I57: Not Executed | J57: High | K57: Positive | L57: UI only | M57: Gap (UI) | N57: — | O57: Hide column
A58: IND-CMD-0045 | B58: Columns | C58: Show on a hidden column | D58: Show restores a hidden column | E58: 1. Login as Super Admin on https://indore.bestinfra.app 2. Open Master Data → Consumer Data 3. Confirm title is Consumer Data and Advanced Filters is ON unless the case says otherwise 4. Hide Circle, Apply 5. Re-open modal, click Show on Circle, Apply | F58: Show / Hide actions | G58: Circle returns to the grid in the Show list. Counters reverse. | I58: Not Executed | J58: High | K58: Positive | L58: UI only | M58: Gap (UI) | N58: — | O58: Show column
A59: IND-CMD-0046 | B59: Columns | C59: Drag handle | D59: Drag-and-drop reorders visible columns | E59: 1. Login as Super Admin on https://indore.bestinfra.app 2. Open Master Data → Consumer Data 3. Confirm title is Consumer Data and Advanced Filters is ON unless the case says otherwise 4. Drag Division above Circle (or Feeder Code next to Feeder Name) 5. Apply | F59: Six-dot drag handles | G59: Grid column order matches the modal order. Reload keeps the saved order until Reset defaults. | I59: Not Executed | J59: High | K59: Positive | L59: UI only | M59: Gap (UI) | N59: — | O59: Reorder columns
A60: IND-CMD-0047 | B60: Columns | C60: Cancel / X | D60: Cancel and X discard unsaved column changes | E60: 1. Login as Super Admin on https://indore.bestinfra.app 2. Open Master Data → Consumer Data 3. Confirm title is Consumer Data and Advanced Filters is ON unless the case says otherwise 4. Hide several columns but do not Apply 5. Click Cancel, re-open 6. Repeat with X | F60: Cancel + close X | G60: Unapplied Hide/reorder is discarded. Grid unchanged. Both Cancel and X behave the same. | I60: Not Executed | J60: High | K60: Negative | L60: UI only | M60: Gap (UI) | N60: — | O60: Cancel column changes
A61: IND-CMD-0048 | B61: Columns | C61: Reset defaults | D61: Reset defaults restores original column set and order | E61: 1. Login as Super Admin on https://indore.bestinfra.app 2. Open Master Data → Consumer Data 3. Confirm title is Consumer Data and Advanced Filters is ON unless the case says otherwise 4. Hide and reorder columns, Apply 5. Open modal, Reset defaults, Apply | F61: Reset defaults link | G61: Default columns return (Consumer Name locked, Circle through DTR Capacity visible). Hide count 0 unless product hides some by default. | I61: Not Executed | J61: High | K61: Edge | L61: UI only | M61: Gap (UI) | N61: — | O61: Reset column defaults
A62: IND-CMD-0049 | B62: Columns | C62: Hide all hideable columns | D62: Hiding every hideable column still leaves Consumer Name (and Actions) | E62: 1. Login as Super Admin on https://indore.bestinfra.app 2. Open Master Data → Consumer Data 3. Confirm title is Consumer Data and Advanced Filters is ON unless the case says otherwise 4. Hide every column that has Hide 5. Apply | F62: Minimum visible columns | G62: Grid still shows Consumer Name (and Actions if trailing). Not a header-less table. Show count ≥ locked columns. | I62: Not Executed | J62: High | K62: Edge | L62: UI only | M62: Gap (UI) | N62: — | O62: Minimum visible columns
A63: 7. LEDGER / BULK UPLOAD
A64: IND-CMD-0050 | B64: Ledger | C64: Bulk Upload | D64: Bulk Upload opens the Ledger modal | E64: 1. Login as Super Admin on https://indore.bestinfra.app 2. Open Master Data → Consumer Data 3. Confirm title is Consumer Data and Advanced Filters is ON unless the case says otherwise 4. Click Bulk Upload | F64: Header button label: Bulk Upload. Modal title: Ledger | G64: Ledger modal opens. X close is present. Background grid is dimmed. Validate File is visible (disabled until a file is chosen). | I64: Not Executed | J64: Critical | K64: Positive | L64: UI only | M64: Gap (UI) | N64: — | O64: Open Ledger modal
A65: IND-CMD-0051 | B65: Ledger | C65: Download Template | D65: Download Template saves Ledger Template.xlsx | E65: 1. Login as Super Admin on https://indore.bestinfra.app 2. Open Master Data → Consumer Data 3. Confirm title is Consumer Data and Advanced Filters is ON unless the case says otherwise 4. Open Ledger 5. Click Download Template | F65: Need a template? Download Template · filename Ledger Template.xlsx | G65: An .xlsx downloads named Ledger Template.xlsx (or equivalent). File opens in Excel with the Ledger columns. Modal stays open. | I65: Not Executed | J65: Critical | K65: Positive | L65: UI only | M65: Gap (UI) | N65: — | O65: Download Ledger Template.xlsx
A66: IND-CMD-0052 | B66: Ledger | C66: Merge radio | D66: Merge is default compare mode | E66: 1. Login as Super Admin on https://indore.bestinfra.app 2. Open Master Data → Consumer Data 3. Confirm title is Consumer Data and Advanced Filters is ON unless the case says otherwise 4. Open Ledger 5. Read Merge vs Override copy | F66: Merge: Blank Ledger cells do not preview a change to existing master values. | G66: Merge is selected. Copy matches. Switching away and back to Merge keeps Merge selected. | I66: Not Executed | J66: High | K66: UI | L66: UI only | M66: Gap (UI) | N66: — | O66: Merge default copy
A67: IND-CMD-0053 | B67: Ledger | C67: Override radio | D67: Override mode can be selected | E67: 1. Login as Super Admin on https://indore.bestinfra.app 2. Open Master Data → Consumer Data 3. Confirm title is Consumer Data and Advanced Filters is ON unless the case says otherwise 4. Select Override | F67: Override: Blank Ledger cells may preview as clearing nullable master fields. | G67: Override is selected. Helper text is visible. Validate later uses Override (preview/result shows Override). | I67: Not Executed | J67: High | K67: Positive | L67: UI only | M67: Gap (UI) | N67: — | O67: Override radio
A68: IND-CMD-0054 | B68: Ledger | C68: Upload zone | D68: Valid .xlsx under 200 MB enables Validate File | E68: 1. Login as Super Admin on https://indore.bestinfra.app 2. Open Master Data → Consumer Data 3. Confirm title is Consumer Data and Advanced Filters is ON unless the case says otherwise 4. Drop or browse a valid Ledger .xlsx < 200 MB 5. Observe Validate File | F68: .xlsx only · Maximum 200 MB | G68: File name appears in the dropzone. Validate File becomes enabled (solid green). Clicking it starts validation (not a silent no-op). | I68: Not Executed | J68: Critical | K68: Positive | L68: API + UI click | M68: Partial | N68: POST /indore/master-data/bulk-upload-consumers (and Ledger validate) valid xlsx | O68: src/modules/MASTER-DATA/tests/bulk-upload-consumers.spec.ts
A69: IND-CMD-0055 | B69: Ledger | C69: Validate File | D69: Validate checks rows and does not write master data | E69: 1. Login as Super Admin on https://indore.bestinfra.app 2. Open Master Data → Consumer Data 3. Confirm title is Consumer Data and Advanced Filters is ON unless the case says otherwise 4. Upload a small valid Ledger 5. Click Validate File 6. Wait for results | F69: Note: Validate checks Ledger rows against current consumer master data. It does not insert or update records. | G69: Preview/results open. No master row is inserted/updated until Approve (if shown). Batch/mode label is visible. | I69: Not Executed | J69: Critical | K69: Positive | L69: API + UI click | M69: Partial | N69: POST /indore/master-data/bulk-upload-consumers (and Ledger validate) validate does not write | O69: src/modules/MASTER-DATA/tests/bulk-upload-consumers.spec.ts
A70: IND-CMD-0056 | B70: Ledger | C70: Validate File | D70: Validate File stays disabled without a file | E70: 1. Login as Super Admin on https://indore.bestinfra.app 2. Open Master Data → Consumer Data 3. Confirm title is Consumer Data and Advanced Filters is ON unless the case says otherwise 4. Open Ledger 5. Click Validate File with no file | F70: Button appears disabled/transparent | G70: No request fires. Button remains disabled. No error toast claiming a file was processed. | I70: Not Executed | J70: High | K70: Negative | L70: UI only | M70: Gap (UI) | N70: — | O70: Validate disabled without file
A71: IND-CMD-0057 | B71: Ledger | C71: Upload zone | D71: Reject non-.xlsx files (csv, pdf, xls) | E71: 1. Login as Super Admin on https://indore.bestinfra.app 2. Open Master Data → Consumer Data 3. Confirm title is Consumer Data and Advanced Filters is ON unless the case says otherwise 4. Try a .csv, then a .pdf, then a .xls | F71: Wrong extensions | G71: Each is rejected with a clear message. File is not listed. Validate stays disabled. | I71: Not Executed | J71: High | K71: Negative | L71: UI only | M71: Gap (UI) | N71: — | O71: Reject csv/pdf/xls
A72: IND-CMD-0058 | B72: Ledger | C72: Upload zone | D72: Reject file over 200 MB | E72: 1. Login as Super Admin on https://indore.bestinfra.app 2. Open Master Data → Consumer Data 3. Confirm title is Consumer Data and Advanced Filters is ON unless the case says otherwise 4. Attempt a file > 200 MB (or mock oversized) | F72: Maximum 200 MB | G72: Upload is blocked with a size error. Validate stays disabled. App does not freeze. | I72: Not Executed | J72: High | K72: Negative | L72: UI only | M72: Gap (UI) | N72: — | O72: Reject >200 MB
A73: IND-CMD-0059 | B73: Ledger | C73: Upload zone | D73: Empty Excel / wrong headers fail validation with row errors | E73: 1. Login as Super Admin on https://indore.bestinfra.app 2. Open Master Data → Consumer Data 3. Confirm title is Consumer Data and Advanced Filters is ON unless the case says otherwise 4. Upload an empty sheet or a file with shuffled headers 5. Validate File | F73: Invalid Ledger shape | G73: Validation reports errors. It does not Approve/write. User can replace the file. | I73: Not Executed | J73: High | K73: Negative | L73: API + UI click | M73: Partial | N73: POST /indore/master-data/bulk-upload-consumers (and Ledger validate) invalid headers | O73: src/modules/MASTER-DATA/tests/bulk-upload-consumers.spec.ts
A74: IND-CMD-0060 | B74: Ledger | C74: Merge vs Override + blank cells | D74: Blank cells preview differently in Merge vs Override | E74: 1. Login as Super Admin on https://indore.bestinfra.app 2. Open Master Data → Consumer Data 3. Confirm title is Consumer Data and Advanced Filters is ON unless the case says otherwise 4. Use a Ledger row with a blank nullable field 5. Validate in Merge 6. Re-validate same file in Override | F74: Blank cell on a nullable master field | G74: Merge does not preview clearing the existing master value. Override may preview a clear. Difference is visible in the preview grid. | I74: Not Executed | J74: High | K74: Edge | L74: API + UI click | M74: Partial | N74: POST /indore/master-data/bulk-upload-consumers (and Ledger validate) merge vs override blanks | O74: src/modules/MASTER-DATA/tests/bulk-upload-consumers.spec.ts
A75: IND-CMD-0061 | B75: Ledger | C75: Informational note | D75: Full Ledger timing note is visible | E75: 1. Login as Super Admin on https://indore.bestinfra.app 2. Open Master Data → Consumer Data 3. Confirm title is Consumer Data and Advanced Filters is ON unless the case says otherwise 4. Read the note under the dropzone | F75: A full Ledger (100,000+ rows) can take up to 30 minutes. | G75: Note is visible before Validate. Starting a large file shows progress; UI does not look hung with no feedback. | I75: Not Executed | J75: Medium | K75: Edge | L75: UI only | M75: Gap (UI) | N75: — | O75: 100k+ timing note
A76: IND-CMD-0062 | B76: Ledger | C76: X close | D76: Closing Ledger without validate does not change master data | E76: 1. Login as Super Admin on https://indore.bestinfra.app 2. Open Master Data → Consumer Data 3. Confirm title is Consumer Data and Advanced Filters is ON unless the case says otherwise 4. Open Ledger, attach a file, press X 5. Re-open Ledger | F76: Close without Validate/Approve | G76: Modal closes. Grid total unchanged. Re-open is a clean form (no leftover file) unless product documents persistence. | I76: Not Executed | J76: Medium | K76: Negative | L76: UI only | M76: Gap (UI) | N76: — | O76: Close Ledger without write
A77: 8. DOWNLOAD / EXPORT — MASTER GRID
A78: IND-CMD-0063 | B78: Download | C78: Header Download | D78: Header Download exports the current filtered dataset | E78: 1. Login as Super Admin on https://indore.bestinfra.app 2. Open Master Data → Consumer Data 3. Confirm title is Consumer Data and Advanced Filters is ON unless the case says otherwise 4. Apply a hierarchy or search so total is a known subset 5. Click header Download | F78: Header Download exports full filtered set (not only page 1) | G78: An Excel/CSV downloads. Row count matches filtered pagination total (or job status if async). Page-1-only file is a fail. | I78: Not Executed | J78: Critical | K78: Positive | L78: API gap | M78: Gap (API) | N78: GET/POST consumer-master export job (filtered xlsx) | O78: Export is async UI — add Playwright API for export job if missing
A79: IND-CMD-0064 | B79: Download | C79: Header Download | D79: Download with no rows still behaves safely | E79: 1. Login as Super Admin on https://indore.bestinfra.app 2. Open Master Data → Consumer Data 3. Confirm title is Consumer Data and Advanced Filters is ON unless the case says otherwise 4. Search a no-match keyword 5. Click Download | F79: Empty filtered set | G79: Either a disabled button, empty-file warning, or a header-only file. No 500 / spinner forever. | I79: Not Executed | J79: Medium | K79: Negative | L79: UI only | M79: Gap (UI) | N79: — | O79: Download empty set
A80: IND-CMD-0065 | B80: Download | C80: Header Download | D80: Unfiltered download of 100k+ rows is queued or streamed | E80: 1. Login as Super Admin on https://indore.bestinfra.app 2. Open Master Data → Consumer Data 3. Confirm title is Consumer Data and Advanced Filters is ON unless the case says otherwise 4. Reset Filters 5. Click Download on the full 126k set | F80: Screenshot baseline 09-Sep-2026 (use live values if different): 126743 rows | G80: Export starts (immediate file or job). UI remains usable. File is not truncated to 10 rows. | I80: Not Executed | J80: High | K80: Edge | L80: API gap | M80: Gap (API) | N80: Full 126k export job | O80: Async export
A81: 9. CONSUMER DASHBOARD — NAVIGATION & HEADER
A82: IND-CMD-0066 | B82: Consumer Dashboard | C82: View (eye) | D82: Consumer Dashboard header matches the master-data row | E82: 1. Login as Super Admin on https://indore.bestinfra.app 2. Open Master Data → Consumer Data 3. Confirm title is Consumer Data and Advanced Filters is ON unless the case says otherwise 4. Search Babulal Nandram (or IVRS N3968028469) 5. Click View (eye) on the row to open Consumer Dashboard 6. Read name, IVRS badge, status, breadcrumb | F82: Screenshot baseline 09-Sep-2026 (use live values if different): Babulal Nandram · IVRS No. N3968028469 · Connected · breadcrumb Consumer Data / BABULAL NANDRAM | G82: Name, IVRS, and Connected (or live) status match the list row. Clock is visible. No other consumer's data. | I82: Not Executed | J82: Critical | K82: Positive | L82: UI only | M82: Gap (UI) | N82: — | O82: Consumer Dashboard header vs list row
A83: IND-CMD-0067 | B83: Consumer Dashboard | C83: View interval counts | D83: View interval counts toggles the interval-counts section | E83: 1. Login as Super Admin on https://indore.bestinfra.app 2. Open Master Data → Consumer Data 3. Confirm title is Consumer Data and Advanced Filters is ON unless the case says otherwise 4. Search Babulal Nandram (or IVRS N3968028469) 5. Click View (eye) on the row to open Consumer Dashboard 6. Click View interval counts 7. Click Hide interval counts (or toggle again) | F83: Button: View interval counts | G83: Section 'Interval counts by profile' opens (LS / IP / DP / Billing / Events). Hide removes it. Page does not navigate away. | I83: Not Executed | J83: High | K83: Positive | L83: UI only | M83: Gap (UI) | N83: — | O83: View interval counts
A84: IND-CMD-0068 | B84: Consumer Dashboard | C84: Header Download | D84: Header Download opens export type picker and downloads Excel | E84: 1. Login as Super Admin on https://indore.bestinfra.app 2. Open Master Data → Consumer Data 3. Confirm title is Consumer Data and Advanced Filters is ON unless the case says otherwise 4. Search Babulal Nandram (or IVRS N3968028469) 5. Click View (eye) on the row to open Consumer Dashboard 6. Click Download 7. Select available types and confirm | F84: Download consumer data | G84: Modal lists export types. Confirm produces Excel file(s) and a success toast. Cancel closes without download. | I84: Not Executed | J84: High | K84: Positive | L84: UI only | M84: Gap (UI) | N84: — | O84: Consumer header Download modal
A85: IND-CMD-0069 | B85: Consumer Dashboard | C85: Open Profile | D85: Profile drawer/section opens consumer identity | E85: 1. Login as Super Admin on https://indore.bestinfra.app 2. Open Master Data → Consumer Data 3. Confirm title is Consumer Data and Advanced Filters is ON unless the case says otherwise 4. Search Babulal Nandram (or IVRS N3968028469) 5. Click View (eye) on the row to open Consumer Dashboard 6. Click the header avatar / Open Profile | F85: Profile Information | G85: Profile Information shows identity, meter serial, hierarchy. Closing returns to the dashboard. | I85: Not Executed | J85: Medium | K85: Positive | L85: UI only | M85: Gap (UI) | N85: — | O85: Open Profile
A86: IND-CMD-0070 | B86: Consumer Dashboard | C86: Direct URL | D86: Invalid consumer id shows empty state, not a crash | E86: 1. Login as Super Admin on https://indore.bestinfra.app 2. Open Master Data → Consumer Data 3. Confirm title is Consumer Data and Advanced Filters is ON unless the case says otherwise 4. Open /consumers/not-a-real-id (or strip the id) | F86: Invalid / missing consumer reference | G86: Empty state: Invalid consumer reference or Consumer not found. Action returns to the consumer list. No infinite skeleton. | I86: Not Executed | J86: High | K86: Negative | L86: UI only | M86: Gap (UI) | N86: — | O86: Invalid consumer route
A87: IND-CMD-0071 | B87: Consumer Dashboard | C87: Status badge | D87: Disconnected (or other) status uses a distinct badge | E87: 1. Login as Super Admin on https://indore.bestinfra.app 2. Open Master Data → Consumer Data 3. Confirm title is Consumer Data and Advanced Filters is ON unless the case says otherwise 4. Filter Connection Status to Disconnected if available 5. Open View on that row | F87: Compare with Connected snapshot | G87: Badge is not Connected. Colour/label matches status. KPIs still render (zeros/placeholders allowed). | I87: Not Executed | J87: Medium | K87: Edge | L87: UI only | M87: Gap (UI) | N87: — | O87: Disconnected badge
A88: 10. CONSUMER DASHBOARD — KPI CARDS
A89: IND-CMD-0072 | B89: KPI cards | C89: 12 overview cards | D89: All 12 Consumer Dashboard KPI cards render | E89: 1. Login as Super Admin on https://indore.bestinfra.app 2. Open Master Data → Consumer Data 3. Confirm title is Consumer Data and Advanced Filters is ON unless the case says otherwise 4. Search Babulal Nandram (or IVRS N3968028469) 5. Click View (eye) on the row to open Consumer Dashboard 6. Scroll the 4×3 KPI grid | F89: Screenshot baseline 09-Sep-2026 (use live values if different): Maximum Demand 0.2 kVA, Maximum Demand 0.2 kW, Neutral Current 0.22 Amps, Overall PF -0.97, Frequency 49.9 Hz, Resolved Events 3, Pending Events 2, Avg Resolution Time 5m, Daily Consumption 1.9, Monthly Consumption 57.15, Total Outstanding ₹0, Bill Status Unknown | G89: All 12 titles, values, units, and footers render. Icon colours follow green/blue/orange/red. No blank card. | I89: Not Executed | J89: Critical | K89: Positive | L89: UI only | M89: Gap (UI) | N89: — | O89: 12 KPI cards
A90: IND-CMD-0073 | B90: KPI cards | C90: No previous-month data footers | D90: Missing last-month comparison shows 'No previous-month data' | E90: 1. Login as Super Admin on https://indore.bestinfra.app 2. Open Master Data → Consumer Data 3. Confirm title is Consumer Data and Advanced Filters is ON unless the case says otherwise 4. Search Babulal Nandram (or IVRS N3968028469) 5. Click View (eye) on the row to open Consumer Dashboard 6. Read footers on demand, PF, frequency, avg resolution | F90: Footer copy | G90: Cards without history show 'No previous-month data' (not NaN, not blank). Resolved/Pending may show 'No change vs last month' when counts exist. | I90: Not Executed | J90: High | K90: Edge | L90: UI only | M90: Gap (UI) | N90: — | O90: No previous-month data footer
A91: IND-CMD-0074 | B91: KPI cards | C91: Overall PF value | D91: Negative power factor is displayed with sign | E91: 1. Login as Super Admin on https://indore.bestinfra.app 2. Open Master Data → Consumer Data 3. Confirm title is Consumer Data and Advanced Filters is ON unless the case says otherwise 4. Search Babulal Nandram (or IVRS N3968028469) 5. Click View (eye) on the row to open Consumer Dashboard 6. Read Overall PF | F91: Screenshot baseline 09-Sep-2026 (use live values if different): -0.97 | G91: Value is -0.97 (or live PF), not abs()'d to 0.97, not '--' while other phase PF exists. | I91: Not Executed | J91: High | K91: Edge | L91: UI only | M91: Gap (UI) | N91: — | O91: Negative PF
A92: IND-CMD-0075 | B92: KPI cards | C92: Daily vs Monthly consumption | D92: Daily and Monthly consumption footers use kWh and prior period | E92: 1. Login as Super Admin on https://indore.bestinfra.app 2. Open Master Data → Consumer Data 3. Confirm title is Consumer Data and Advanced Filters is ON unless the case says otherwise 4. Search Babulal Nandram (or IVRS N3968028469) 5. Click View (eye) on the row to open Consumer Dashboard 6. Read Daily Consumption and Monthly Consumption | F92: Screenshot baseline 09-Sep-2026 (use live values if different): Daily 1.9, Previous day 1.9 kWh; Monthly 57.15, Last month 74.37 kWh | G92: Units are kWh in footer (and on value if designed). Previous day / last month are numeric. Monthly is not equal to Daily unless data truly matches. | I92: Not Executed | J92: High | K92: Positive | L92: UI only | M92: Gap (UI) | N92: — | O92: Daily/Monthly kWh
A93: IND-CMD-0076 | B93: KPI cards | C93: Total Outstanding + Bill Status | D93: Zero dues and Unknown bill status render without error | E93: 1. Login as Super Admin on https://indore.bestinfra.app 2. Open Master Data → Consumer Data 3. Confirm title is Consumer Data and Advanced Filters is ON unless the case says otherwise 4. Search Babulal Nandram (or IVRS N3968028469) 5. Click View (eye) on the row to open Consumer Dashboard 6. Read Total Outstanding and Bill Status | F93: Screenshot baseline 09-Sep-2026 (use live values if different): ₹0 Current dues · Bill Status Unknown / Current status | G93: ₹0 is shown (not blank). Unknown is a labelled status, not a crash. Footer 'Current dues' / 'Current status'. | I93: Not Executed | J93: Medium | K93: Edge | L93: UI only | M93: Gap (UI) | N93: — | O93: ₹0 / Bill Unknown
A94: IND-CMD-0077 | B94: KPI cards | C94: Resolved vs Pending Events | D94: Event KPI counts are consistent with Meter Events table | E94: 1. Login as Super Admin on https://indore.bestinfra.app 2. Open Master Data → Consumer Data 3. Confirm title is Consumer Data and Advanced Filters is ON unless the case says otherwise 4. Search Babulal Nandram (or IVRS N3968028469) 5. Click View (eye) on the row to open Consumer Dashboard 6. Note Resolved Events and Pending Events 7. Scroll to Meter Events, filter Restored vs Pending | F94: Screenshot baseline 09-Sep-2026 (use live values if different): Resolved 3, Pending 2; events table Showing 1-5 of 5 | G94: Pending KPI ≈ Pending rows (2). Restored KPI ≈ Restored rows (3) if the table is unfiltered all-time/current month as designed. Document the window if it differs — silent mismatch is a fail. | I94: Not Executed | J94: High | K94: Positive | L94: UI only | M94: Gap (UI) | N94: — | O94: KPI vs Meter Events counts | R94: DEF-CMD-002
A95: 11. CONSUMER DASHBOARD — REAL-TIME POWER & LIVE LOAD
A96: IND-CMD-0078 | B96: Real-Time Power | C96: Real-Time Power Metrics | D96: R/Y/B phase cards render with meter serial and timestamp | E96: 1. Login as Super Admin on https://indore.bestinfra.app 2. Open Master Data → Consumer Data 3. Confirm title is Consumer Data and Advanced Filters is ON unless the case says otherwise 4. Search Babulal Nandram (or IVRS N3968028469) 5. Click View (eye) on the row to open Consumer Dashboard 6. Scroll to Real-Time Power Metrics | F96: Screenshot baseline 09-Sep-2026 (use live values if different): Meter 88017671. R-Phase V 249.38, I 0.22 A, PF -0.97. Y and B = --. Stamp 30th Nov 2025, 11:45 PM | G96: Title is Real-Time Power Metrics. Meter serial matches the master-data Meter SL No. R-Phase shows voltage/current/PF. Missing phases use '--' not 0. | I96: Not Executed | J96: Critical | K96: Positive | L96: UI only | M96: Gap (UI) | N96: — | O96: Real-Time Power Metrics | R96: DEF-CMD-001
A97: IND-CMD-0079 | B97: Real-Time Power | C97: Y-Phase / B-Phase | D97: Unused phases stay on placeholder '--' | E97: 1. Login as Super Admin on https://indore.bestinfra.app 2. Open Master Data → Consumer Data 3. Confirm title is Consumer Data and Advanced Filters is ON unless the case says otherwise 4. Search Babulal Nandram (or IVRS N3968028469) 5. Click View (eye) on the row to open Consumer Dashboard 6. Read Y-Phase and B-Phase | F97: 1-phase consumer | G97: Y and B are '--' for Voltage, Current, and PF. They are not 0.00 and not copied from R-Phase. | I97: Not Executed | J97: High | K97: Edge | L97: UI only | M97: Gap (UI) | N97: — | O97: Y/B phase --
A98: IND-CMD-0080 | B98: Live Load Profile | C98: Live Load Profile donut | D98: Donut total equals Active + Apparent + Reactive | E98: 1. Login as Super Admin on https://indore.bestinfra.app 2. Open Master Data → Consumer Data 3. Confirm title is Consumer Data and Advanced Filters is ON unless the case says otherwise 4. Search Babulal Nandram (or IVRS N3968028469) 5. Click View (eye) on the row to open Consumer Dashboard 6. Read Live Load Profile center and legend | F98: Screenshot baseline 09-Sep-2026 (use live values if different): Total 0.08 · Active 0.04 · Apparent 0.04 · Reactive 0. Last Communication 1st Dec 2025, 11:46 PM | G98: Center total = 0.04+0.04+0 (or live sum). Legend colours match segments. Download icon is present and exports (does not navigate). | I98: Not Executed | J98: Critical | K98: Positive | L98: UI only | M98: Gap (UI) | N98: — | O98: Live Load donut sum | R98: DEF-CMD-001
A99: IND-CMD-0081 | B99: Live Load Profile | C99: Last Communication vs Real-Time stamp | D99: Real-Time header time and Live Load last-communication are consistent or labelled | E99: 1. Login as Super Admin on https://indore.bestinfra.app 2. Open Master Data → Consumer Data 3. Confirm title is Consumer Data and Advanced Filters is ON unless the case says otherwise 4. Search Babulal Nandram (or IVRS N3968028469) 5. Click View (eye) on the row to open Consumer Dashboard 6. Compare Real-Time Power timestamp with Live Load Last Communication | F99: Screenshot baseline 09-Sep-2026 (use live values if different): Real-Time 30 Nov 2025 11:45 PM vs Last Communication 1 Dec 2025 11:46 PM | G99: If both are last-packet times they must match (same minute). If they are different metrics, labels must say so. Unexplained day gap is a fail — log Defect ID. | I99: Not Executed | J99: High | K99: Negative | L99: UI only | M99: Gap (UI) | N99: — | O99: Timestamp consistency | R99: DEF-CMD-001
A100: IND-CMD-0082 | B100: Live Load Profile | C100: Download icon | D100: Live Load download exports chart data, does not open records | E100: 1. Login as Super Admin on https://indore.bestinfra.app 2. Open Master Data → Consumer Data 3. Confirm title is Consumer Data and Advanced Filters is ON unless the case says otherwise 4. Search Babulal Nandram (or IVRS N3968028469) 5. Click View (eye) on the row to open Consumer Dashboard 6. Click Live Load Profile download | F100: Download on Live Load header | G100: File downloads. URL stays on the consumer dashboard. | I100: Not Executed | J100: Medium | K100: Positive | L100: UI only | M100: Gap (UI) | N100: — | O100: Live Load download
A101: 12. CONSUMER DASHBOARD — ENERGY CONSUMPTION & ENERGY FLOW
A102: IND-CMD-0083 | B102: Energy Consumption | C102: Energy Consumption chart | D102: Hourly Energy Consumption plots last 12 hours | E102: 1. Login as Super Admin on https://indore.bestinfra.app 2. Open Master Data → Consumer Data 3. Confirm title is Consumer Data and Advanced Filters is ON unless the case says otherwise 4. Search Babulal Nandram (or IVRS N3968028469) 5. Click View (eye) on the row to open Consumer Dashboard 6. Scroll to Energy Consumption 7. Confirm Hourly is selected | F102: Screenshot baseline 09-Sep-2026 (use live values if different): Last 12 Hours · 12:00–23:00. Y-axis Consumption (kWh) 0–1. Bars 12:00–23:00, peak ~20:00–22:00 still < 1 kWh | G102: Title Energy Consumption. Subtitle matches the x-axis. 12 bars (or live hours). Y-axis unit is kWh. No overlapping labels. | I102: Not Executed | J102: Critical | K102: Positive | L102: UI only | M102: Gap (UI) | N102: — | O102: Energy Consumption hourly
...

Sheet SNAPSHOT
A1: Screenshot baseline 09-Sep-2026 — use live UI values at execution; this sheet is the audit reference
A3: Consumer Data list
A4: Metric | B4: Value | C4: Note | D4: Check
A5: Pagination total | B5: 126743 | C5: Showing 1-10 of 126743 | D5: Master total
A6: Page size | B6: 10 | C6: 10 / page | D6: Default
A7: Last page | B7: 12675 | C7: 126743 / 10 = 12674.3 → 12675 pages | D7: Ceil
A8: Circle (visible rows) | B8: Indore City Circle | C8: All visible sample rows | D8: Hierarchy
A10: Pages check | B10: =ROUNDUP(B5/B6,0) | C10: Must equal last page B7 | D10: =IF(B10=B7,"PASS","FAIL — pages "&B10)
A12: Anchor consumer (list → dashboard)
A13: Field | B13: Value | C13: Where | D13: Must match
A14: Consumer Name | B14: Babulal Nandram | C14: Grid row 1 / dashboard header | D14: Yes
A15: IVRS No. | B15: N3968028469 | C15: Dashboard badge | D15: Yes
A16: Consumer ID (sample) | B16: MML0000205 | C16: Grid CID column (row 1 in shot) | D16: List vs profile
A17: Meter Sl No. | B17: 88017671 | C17: Real-Time Power + Meter Events | D17: Yes
A18: Status | B18: Connected | C18: Dashboard badge | D18: Vs Connection Status filter
A19: DTR Code (sample) | B19: MM521 / 34SO19 | C19: Grid DTR Code | D19: Opens /dtr/{code}
A22: Consumer Dashboard KPIs
A23: KPI | B23: Value | C23: Footer | D23: Type
A24: Maximum Demand (kVA) | B24: 0.2 kVA | C24: No previous-month data | D24: Decimal
A25: Maximum Demand (kW) | B25: 0.2 kW | C25: No previous-month data | D25: Decimal
A26: Neutral Current | B26: 0.22 Amps | C26: No previous-month data | D26: Decimal
A27: Overall PF | B27: -0.97 | C27: No previous-month data | D27: Negative allowed
A28: Frequency | B28: 49.9 Hz | C28: No previous-month data | D28: Decimal
A29: Resolved Events | B29: 3 | C29: No change vs last month | D29: Integer
A30: Pending Events | B30: 2 | C30: No change vs last month | D30: Integer
A31: Avg Resolution Time | B31: 5m | C31: No previous-month data | D31: Duration
A32: Daily Consumption | B32: 1.9 | C32: Previous day: 1.9 kWh | D32: kWh
A33: Monthly Consumption | B33: 57.15 | C33: Last month: 74.37 kWh | D33: kWh
A34: Total Outstanding | B34: ₹0 | C34: Current dues | D34: Currency
A35: Bill Status | B35: Unknown | C35: Current status | D35: String
A37: Resolved + Pending (snapshot events table) | B37: =B29+B30 | C37: Must equal Meter Events total B44 if same window | D37: =IF(B37=B44,"PASS","CHECK window — snapshot events=5")
A39: Real-Time / Live Load / Energy Flow
A40: Metric | B40: Value | C40: Note | D40: Check
A41: R-Phase V / I / PF | B41: 249.38 V · 0.22 A · -0.97 | C41: Active phase | D41: PF sign matches KPI
A42: Y-Phase / B-Phase | B42: -- / -- / -- | C42: 1-phase | D42: Not 0.00
A43: Live Load Total | B43: 0.08 | C43: Active 0.04 + Apparent 0.04 + Reactive 0 | D43: Sum
A44: Meter Events rows | B44: 5 | C44: Showing 1-5 of 5 | D44: Restored 3 + Pending 2
A45: RT timestamp | B45: 30 Nov 2025 11:45 PM | C45: Real-Time header | D45: DEF-CMD-001 if ≠ live load
A46: Live Load last comm | B46: 1 Dec 2025 11:46 PM | C46: Live Load subtitle | D46: DEF-CMD-001
A48: Live Load parts | B48: 0.08 | C48: Must equal Live Load Total B43 | D48: =IF(ABS(B48-B43)<0.0001,"PASS","FAIL")
A50: Ledger constraints
A51: Rule | B51: Value | C51: UI copy | D51: Fail if
A52: File type | B52: .xlsx only | C52: fileRequirementsLabel | D52: csv/pdf accepted
A53: Max size | B53: 200 MB | C53: Maximum 200 MB | D53: Larger file uploads
A54: Default mode | B54: Merge | C54: Blank cells do not preview a change | D54: Override default
A55: Validate | B55: No write | C55: Does not insert or update records | D55: Rows change before Approve
A56: Large file | B56: 100,000+ rows | C56: Up to 30 minutes | D56: No progress / hang
